fidelity,cell_phase_tolerance_degrees,kappa_lower_bound,phase_rate_upper_bound,probability_upper_bound,probability_upper_bound_with_norm_cap
0.99,0,1,0.140987665115,0.120600696863,0.0570174336433
0.99,10,0.866025403784,0.162798532814,0.139257689597,0.0570174336433
0.99,20,0.5,0.281975330231,0.241201393727,0.0570174336433
0.999,0,1,0.0318555164811,0.0272491744822,0.0272491744822
0.999,10,0.866025403784,0.0367835820311,0.0314646364449,0.0314646364449
0.999,20,0.5,0.0637110329622,0.0544983489643,0.0544983489643
0.9999,0,1,0.00915199408306,0.00782860587983,0.00782860587983
0.9999,10,0.866025403784,0.010567812495,0.0090396954242,0.0090396954242
0.9999,20,0.5,0.0183039881661,0.0156572117597,0.0156572117597
0.99999,0,1,0.00281021047207,0.00240385101056,0.00240385101056
0.99999,10,0.866025403784,0.00324495154505,0.00277572805607,0.00277572805607
0.99999,20,0.5,0.00562042094413,0.00480770202111,0.00480770202111
0.999999,0,1,0.000880515643783,0.000753192133172,0.000753192133172
0.999999,10,0.866025403784,0.00101673188793,0.000869711361677,0.000869711361677
0.999999,20,0.5,0.00176103128757,0.00150638426634,0.00150638426634
